{
	"req_serial_num":"2022020929d54919bf859772d9f7c061",
	"result_code":"1",
	"result_data":[
		{
			"remark":"水晶石PLUS+通用款型+V018及以上版本",
			"set_id":1,
			"set_name":"水晶石PLUS+通用款型+V018及以上版本"
		},
		{
			"remark":"水晶石PLUS+通用款型+V018及以上版本+澳洲",
			"set_id":2,
			"set_name":"水晶石PLUS+通用款型+V018及以上版本+澳洲"
		},
		{
			"remark":"G2+通用款型+V013版本及以上",
			"set_id":3,
			"set_name":"G2+通用款型+V013版本及以上"
		},
		{
			"remark":"G2+通用款型+V013版本及以上+德国",
			"set_id":4,
			"set_name":"G2+通用款型+V013版本及以上+德国"
		},
		{
			"remark":"G2+通用款型+V009版本及以上+荷兰",
			"set_id":5,
			"set_name":"G2+通用款型+V009版本及以上+荷兰"
		},
		{
			"remark":"G2+通用款型+V009版本及以上+意大利",
			"set_id":6,
			"set_name":"G2+通用款型+V009版本及以上+意大利"
		},
		{
			"remark":"G2+通用款型+V009版本及以上+澳洲",
			"set_id":7,
			"set_name":"G2+通用款型+V009版本及以上+澳洲"
		},
		{
			"remark":"古瑞瓦特参数设置模板",
			"set_id":8,
			"set_name":"古瑞瓦特参数设置模板"
		},
		{
			"remark":"固德威逆变器参数模板",
			"set_id":9,
			"set_name":"固德威逆变器参数模板"
		},
		{
			"remark":"50HZ SG50KTL-M-V2/SG33KTL-M-V2 组串式逆变器参数模板",
			"set_id":10,
			"set_name":"50HZ SG50KTL-M-V2/SG33KTL-M-V2 组串式逆变器参数模板"
		},
		{
			"remark":"60HZ SG50KTL-M-V2/SG33KTL-M-V2  组串式逆变器参数模板",
			"set_id":11,
			"set_name":"60HZ SG50KTL-M-V2/SG33KTL-M-V2 组串式逆变器参数模板"
		},
		{
			"remark":"G2+通用款型+V029版本及以上+巴西",
			"set_id":12,
			"set_name":"G2+通用款型+V029版本及以上+巴西"
		},
		{
			"remark":"G2+通用款型+V029版本及以上+巴西+SG2K-S",
			"set_id":13,
			"set_name":"G2+通用款型+V029版本及以上+巴西+SG2K-S"
		},
		{
			"remark":"G2+通用款型+V25版本及以上\r\n",
			"set_id":14,
			"set_name":"G2+通用款型+V25版本及以上\r\n"
		},
		{
			"remark":"G2+通用款型+V25版本及以上+澳洲",
			"set_id":15,
			"set_name":"G2+通用款型+V25版本及以上+澳洲"
		},
		{
			"remark":"50Hz SG36KTL-M-V2组串式逆变器参数设置",
			"set_id":16,
			"set_name":"50Hz SG36KTL-M-V2组串式逆变器参数设置"
		},
		{
			"remark":"60Hz SG36KTL-M-V2组串式逆变器参数设置",
			"set_id":17,
			"set_name":"60Hz SG36KTL-M-V2组串式逆变器参数设置"
		},
		{
			"remark":"50Hz SG60KTL组串式逆变器参数设置",
			"set_id":18,
			"set_name":"50Hz SG60KTL组串式逆变器参数设置"
		},
		{
			"remark":"60Hz SG60KTL组串式逆变器参数设置",
			"set_id":19,
			"set_name":"60Hz SG60KTL组串式逆变器参数设置"
		},
		{
			"remark":"50Hz SG80KTL组串式逆变器参数设置",
			"set_id":20,
			"set_name":"50Hz SG80KTL组串式逆变器参数设置"
		},
		{
			"remark":"60Hz SG80KTL组串式逆变器参数设置",
			"set_id":21,
			"set_name":"60Hz SG80KTL组串式逆变器参数设置"
		},
		{
			"remark":"50Hz SG5-20KTL-M组串式逆变器参数设置",
			"set_id":22,
			"set_name":"50Hz SG5-20KTL-M组串式逆变器参数设置"
		},
		{
			"remark":"60Hz SG5-20KTL-M组串式逆变器参数设置",
			"set_id":23,
			"set_name":"60Hz SG5-20KTL-M组串式逆变器参数设置"
		},
		{
			"remark":"G2+SG6K-D+V013版本及以上+中国",
			"set_id":24,
			"set_name":"G2+SG6K-D+V013版本及以上+中国"
		},
		{
			"remark":"G2+SG6K-D+V25版本及以上+中国",
			"set_id":25,
			"set_name":"G2+SG6K-D+V25版本及以上+中国"
		},
		{
			"remark":"G2+通用款型+V39版本及以上+中国",
			"set_id":26,
			"set_name":"G2+通用款型+V39版本及以上+中国"
		},
		{
			"remark":"G2+通用款型+V39版本及以上+澳洲",
			"set_id":27,
			"set_name":"G2+通用款型+V39版本及以上+澳洲"
		},
		{
			"remark":"G2+通用款型+V30版本及以上+中国",
			"set_id":28,
			"set_name":"G2+通用款型+V30版本及以上+中国"
		},
		{
			"remark":"G2+SG6K-D+V30版本及以上+中国",
			"set_id":29,
			"set_name":"G2+SG6K-D+V30版本及以上+中国"
		},
		{
			"remark":"G2+SG2K-S+V39版本及以上+巴西",
			"set_id":30,
			"set_name":"G2+SG2K-S+V39版本及以上+巴西"
		},
		{
			"remark":"G2+通用款型+V39版本及以上+巴西",
			"set_id":31,
			"set_name":"G2+通用款型+V39版本及以上+巴西"
		},
		{
			"remark":"50Hz SG36KTL-M组串式逆变器参数设置",
			"set_id":32,
			"set_name":"50Hz SG36KTL-M组串式逆变器参数设置"
		},
		{
			"remark":"60Hz SG36KTL-M组串式逆变器参数设置",
			"set_id":33,
			"set_name":"60Hz SG36KTL-M组串式逆变器参数设置"
		},
		{
			"remark":"G2+通用款型+V40版本及以上+中国",
			"set_id":34,
			"set_name":"G2+通用款型+V40版本及以上+中国"
		},
		{
			"remark":"G2+通用款型+V40版本及以上+澳洲",
			"set_id":35,
			"set_name":"G2+通用款型+V40版本及以上+澳洲"
		},
		{
			"remark":"G2+通用款型+V40版本及以上+巴西",
			"set_id":36,
			"set_name":"G2+通用款型+V40版本及以上+巴西"
		},
		{
			"remark":"G2+通用款型+V25版本及以上+巴西",
			"set_id":37,
			"set_name":"G2+通用款型+V25版本及以上+巴西"
		},
		{
			"remark":"CBO_V1.0.17+ABO_V1.0.17+通用机型+英国",
			"set_id":38,
			"set_name":"CBO_V1.0.17+ABO_V1.0.17+通用机型+英国"
		},
		{
			"remark":"CBO_V1.0.17+ABO_V1.0.17+通用机型+德国",
			"set_id":39,
			"set_name":"CBO_V1.0.17+ABO_V1.0.17+通用机型+德国"
		},
		{
			"remark":"CBO_V1.0.17+ABO_V1.0.17+通用机型+奥地利",
			"set_id":40,
			"set_name":"CBO_V1.0.17+ABO_V1.0.17+通用机型+奥地利"
		},
		{
			"remark":"CBO_V1.0.17+ABO_V1.0.17+通用机型+意大利",
			"set_id":41,
			"set_name":"CBO_V1.0.17+ABO_V1.0.17+通用机型+意大利"
		},
		{
			"remark":"CBO_V1.0.17+ABO_V1.0.17+通用机型+澳大利亚",
			"set_id":42,
			"set_name":"CBO_V1.0.17+ABO_V1.0.17+通用机型+澳大利亚"
		},
		{
			"remark":"CBO_V1.0.17+ABO_V1.0.17+通用机型",
			"set_id":43,
			"set_name":"CBO_V1.0.17+ABO_V1.0.17+通用机型"
		},
		{
			"remark":"G2-8K+通用款型+V09版本及以上+中国",
			"set_id":44,
			"set_name":"G2-8K+通用款型+V09版本及以上+中国"
		},
		{
			"remark":"G2-8K+通用款型+V09版本及以上+巴西",
			"set_id":45,
			"set_name":"G2-8K+通用款型+V09版本及以上+巴西"
		},
		{
			"remark":"G2-8K+通用款型+V09版本及以上+澳洲",
			"set_id":46,
			"set_name":"G2-8K+通用款型+V09版本及以上+澳洲"
		},
		{
			"remark":"50HZ  SG33CX/SG40CX/SG50CX/SG100KTL-M/SG110CX 组串式逆变器参数模板",
			"set_id":47,
			"set_name":"50HZ  SG33CX/SG40CX/SG50CX/SG100KTL-M/SG110CX 组串式逆变器参数模板"
		},
		{
			"remark":"60HZ SG33CX/SG40CX/SG50CX/SG100KTL-M/SG110CX 组串式逆变器参数模板",
			"set_id":48,
			"set_name":"60HZ SG33CX/SG40CX/SG50CX/SG100KTL-M/SG110CX 组串式逆变器参数模板"
		},
		{
			"remark":"G2+通用款型+V01版本及以上+中国",
			"set_id":49,
			"set_name":"G2+通用款型+V01版本及以上+中国"
		},
		{
			"remark":"G2+通用款型+V42版本及以上+中国",
			"set_id":50,
			"set_name":"G2+通用款型+V42版本及以上+中国"
		},
		{
			"remark":"G2-7K+通用款型+V10版本及以上+中国",
			"set_id":51,
			"set_name":"G2-7K+通用款型+V10版本及以上+中国"
		},
		{
			"remark":"CR0_1.0.1+AR0_1.0.15+G2-5K+意大利",
			"set_id":52,
			"set_name":"CR0_1.0.1+AR0_1.0.15+G2-5K+意大利"
		},
		{
			"remark":"CR0_1.0.1+AR0_1.0.15+G2-5K+德国",
			"set_id":53,
			"set_name":"CR0_1.0.1+AR0_1.0.15+G2-5K+德国"
		},
		{
			"remark":"CR0_1.0.1+AR0_1.0.15+G2-5K+法国",
			"set_id":54,
			"set_name":"CR0_1.0.1+AR0_1.0.15+G2-5K+法国"
		},
		{
			"remark":"CR0_1.0.1+AR0_1.0.15+G2-5K+荷兰",
			"set_id":57,
			"set_name":"CR0_1.0.1+AR0_1.0.15+G2-5K+荷兰"
		},
		{
			"remark":"CR0_1.0.1+AR0_1.0.15+G2-5K+比利时",
			"set_id":58,
			"set_name":"CR0_1.0.1+AR0_1.0.15+G2-5K+比利时"
		},
		{
			"remark":"CR0_1.0.1+AR0_1.0.15+G2-5K+卢森堡",
			"set_id":59,
			"set_name":"CR0_1.0.1+AR0_1.0.15+G2-5K+卢森堡"
		},
		{
			"remark":"G2-7K+通用款型+V11版本及以上+中国",
			"set_id":60,
			"set_name":"G2-7K+通用款型+V11版本及以上+中国"
		},
		{
			"remark":"G2-8K+通用款型+V11版本及以上+中国",
			"set_id":61,
			"set_name":"G2-8K+通用款型+V11版本及以上+中国"
		},
		{
			"remark":"G2-8K+通用款型+V12版本及以上+澳洲",
			"set_id":62,
			"set_name":"G2-8K+通用款型+V12版本及以上+澳洲"
		},
		{
			"remark":"G2-8K+通用款型+V12版本及以上+中国",
			"set_id":63,
			"set_name":"G2-8K+通用款型+V12版本及以上+中国"
		},
		{
			"remark":"G2-7K+通用款型+V12版本及以上+中国",
			"set_id":64,
			"set_name":"G2-7K+通用款型+V12版本及以上+中国"
		},
		{
			"remark":"G2-8K+通用款型+V12版本及以上+巴西",
			"set_id":65,
			"set_name":"G2-8K+通用款型+V12版本及以上+巴西"
		},
		{
			"remark":"50HZ SG132KTL-M 组串式逆变器参数模板",
			"set_id":66,
			"set_name":"50HZ SG132KTL-M 组串式逆变器参数模板"
		},
		{
			"remark":"60HZ SG132KTL-M 组串式逆变器参数模板",
			"set_id":67,
			"set_name":"60HZ SG132KTL-M 组串式逆变器参数模板"
		},
		{
			"remark":"50HZ SG136KTL-M/SG150KTL-M 组串式逆变器参数模板",
			"set_id":68,
			"set_name":"50HZ SG136KTL-M/SG150KTL-M 组串式逆变器参数模板"
		},
		{
			"remark":"60HZ SG136KTL-M/SG150KTL-M 组串式逆变器参数模板",
			"set_id":69,
			"set_name":"60HZ SG136KTL-M/SG150KTL-M 组串式逆变器参数模板"
		},
		{
			"remark":"50Hz SG10KTL-MT组串式逆变器参数设置",
			"set_id":70,
			"set_name":"50Hz SG10KTL-MT组串式逆变器参数设置"
		},
		{
			"remark":"60Hz SG10KTL-MT组串式逆变器参数设置",
			"set_id":71,
			"set_name":"60Hz SG10KTL-MT组串式逆变器参数设置"
		},
		{
			"remark":"CBO_V1.0.18+ABO_V1.0.17+通用机型",
			"set_id":72,
			"set_name":"CB0_V1.0.18+ABO_V1.0.17+通用机型"
		},
		{
			"remark":"CR0_1.0.3+AR0_1.0.15+G2-5K+意大利",
			"set_id":73,
			"set_name":"CR0_1.0.3+AR0_1.0.15+G2-5K+意大利"
		},
		{
			"remark":"CR0_1.0.3+AR0_1.0.15+G2-5K+德国",
			"set_id":74,
			"set_name":"CR0_1.0.3+AR0_1.0.15+G2-5K+德国"
		},
		{
			"remark":"CR0_1.0.3+AR0_1.0.15+G2-5K+法国",
			"set_id":75,
			"set_name":"CR0_1.0.3+AR0_1.0.15+G2-5K+法国"
		},
		{
			"remark":"CR0_1.0.3+AR0_1.0.15+G2-5K+荷兰",
			"set_id":76,
			"set_name":"CR0_1.0.3+AR0_1.0.15+G2-5K+荷兰"
		},
		{
			"remark":"CR0_1.0.3+AR0_1.0.15+G2-5K+比利时",
			"set_id":77,
			"set_name":"CR0_1.0.3+AR0_1.0.15+G2-5K+比利时"
		},
		{
			"remark":"CR0_1.0.3+AR0_1.0.15+G2-5K+卢森堡",
			"set_id":78,
			"set_name":"CR0_1.0.3+AR0_1.0.15+G2-5K+卢森堡"
		},
		{
			"remark":"小三相CS1_V2.0.1+AS1_V1.1.27+50Hz",
			"set_id":79,
			"set_name":"小三相CS1_V2.0.1+AS1_V1.1.27+50Hz"
		},
		{
			"remark":"德国户用光伏初始化参数设置",
			"set_id":80,
			"set_name":"德国户用光伏初始化参数设置"
		},
		{
			"remark":"德国组串初始化参数设置",
			"set_id":81,
			"set_name":"德国组串初始化参数设置"
		},
		{
			"remark":"德国户用储能初始化参数设置",
			"set_id":82,
			"set_name":"德国户用储能初始化参数设置"
		},
		{
			"remark":"通用户用储能初始化参数设置",
			"set_id":83,
			"set_name":"通用户用储能初始化参数设置"
		},
		{
			"remark":"G2+通用款型+V09版本及以上+墨西哥",
			"set_id":89,
			"set_name":"G2+通用款型+V09版本及以上+墨西哥"
		},
		{
			"remark":"小三相CS1_V2.0.1+AS1_V1.1.27+意大利",
			"set_id":91,
			"set_name":"小三相CS1_V2.0.1+AS1_V1.1.27+意大利"
		},
		{
			"remark":"小三相CS1_V2.0.1+AS1_V1.1.27+意大利其他",
			"set_id":92,
			"set_name":"小三相CS1_V2.0.1+AS1_V1.1.27+意大利其他"
		},
		{
			"remark":"小三相CS1_V2.0.1+AS1_V1.1.27+60Hz",
			"set_id":93,
			"set_name":"小三相CS1_V2.0.1+AS1_V1.1.27+60Hz"
		},
		{
			"remark":"小三相CS1_V2.0.1+AS1_V1.1.27+50Hz德国",
			"set_id":94,
			"set_name":"小三相CS1_V2.0.1+AS1_V1.1.27+50Hz德国"
		},
		{
			"remark":"小三相CS1_V2.0.1+AS1_V1.1.27+50Hz澳大利亚",
			"set_id":95,
			"set_name":"小三相CS1_V2.0.1+AS1_V1.1.27+50Hz澳大利亚"
		},
		{
			"remark":"其他国家组串初始化参数设置",
			"set_id":96,
			"set_name":"其他国家组串初始化参数设置"
		},
		{
			"remark":"其他国家户用光伏初始化参数设置",
			"set_id":97,
			"set_name":"其他国家户用光伏初始化参数设置"
		},
		{
			"remark":"组串SG80KTL-M+50Hz",
			"set_id":98,
			"set_name":"组串SG80KTL-M+50Hz"
		},
		{
			"remark":"组串SG80KTL-M+60Hz",
			"set_id":99,
			"set_name":"组串SG80KTL-M+60Hz"
		},
		{
			"remark":"清扫机器人参数设置",
			"set_id":100,
			"set_name":"清扫机器人参数设置"
		},
		{
			"remark":"光伏逆变器合集50Hz普通参数+储能+AAP1.0.1+1.0.2+1.0.3",
			"set_id":1000,
			"set_name":"光伏逆变器合集50Hz普通参数+储能+AAP1.0.1+1.0.2+1.0.3"
		},
		{
			"remark":"光伏逆变器合集 高级参数+储能+AAP1.0.1",
			"set_id":1001,
			"set_name":"光伏逆变器合集 高级参数+储能+AAP1.0.1"
		},
		{
			"remark":"光伏逆变器合集60Hz普通参数+储能+AAP1.0.1+1.0.2+1.0.3",
			"set_id":1002,
			"set_name":"光伏逆变器合集60Hz普通参数+储能+AAP1.0.1+1.0.2+1.0.3"
		},
		{
			"remark":"新协议储能初始化德国参数设置+AAP1.0.1+AAP1.0.2",
			"set_id":1003,
			"set_name":"新协议储能初始化德国参数设置+AAP1.0.1+AAP1.0.2"
		},
		{
			"remark":"新协议储能初始化参数设置+AAP1.0.1+AAP1.0.2+AAP1.0.3",
			"set_id":1004,
			"set_name":"新协议储能初始化参数设置+AAP1.0.1"
		},
		{
			"remark":"户用老协议自描述50Hz普通参数+1.0.4",
			"set_id":101,
			"set_name":"户用老协议自描述50Hz普通参数+1.0.4"
		},
		{
			"remark":"户用老协议自描述60Hz普通参数+1.0.4",
			"set_id":102,
			"set_name":"户用老协议自描述60Hz普通参数+1.0.4"
		},
		{
			"remark":"户用老协议CR0_1.0.4自描述高级参数设置+CR0_1.0.5",
			"set_id":103,
			"set_name":"户用老协议CR0_1.0.4自描述高级参数设置"
		},
		{
			"remark":"小三相老协议自描述50Hz",
			"set_id":105,
			"set_name":"小三相老协议自描述50Hz"
		},
		{
			"remark":"小三相老协议自描述高级参数设置",
			"set_id":106,
			"set_name":"小三相老协议自描述高级参数设置"
		},
		{
			"remark":"小三相老协议自描述60Hz",
			"set_id":107,
			"set_name":"小三相老协议自描述60Hz"
		},
		{
			"remark":"CB0_V1.0.18+AB0_V1.0.17+西澳-低压储能",
			"set_id":108,
			"set_name":"CB0_V1.0.18+AB0_V1.0.17+西澳"
		},
		{
			"remark":"CB0_V1.0.20+AB0_V1.0.17+西澳-低压储能",
			"set_id":109,
			"set_name":"CB0_V1.0.20+AB0_V1.0.17+西澳"
		},
		{
			"remark":"光伏逆变器合集初始并网设置德国低压+AAP1.0.1",
			"set_id":1005,
			"set_name":"光伏逆变器合集初始并网设置德国低压+AAP1.0.1"
		},
		{
			"remark":"光伏逆变器合集50Hz普通参数+光伏+AAP1.0.1",
			"set_id":1006,
			"set_name":"光伏逆变器合集50Hz普通参数+光伏+AAP1.0.1"
		},
		{
			"remark":"光伏逆变器合集 高级参数+光伏+AAP1.0.1",
			"set_id":1007,
			"set_name":"光伏逆变器合集 高级参数+光伏+AAP1.0.1"
		},
		{
			"remark":"光伏逆变器合集60Hz普通参数+光伏+AAP1.0.1",
			"set_id":1008,
			"set_name":"光伏逆变器合集60Hz普通参数+光伏+AAP1.0.1"
		},
		{
			"remark":"110-50Hz-SG100CX-JP组串式逆变器参数模板",
			"set_id":110,
			"set_name":"110-50Hz-SG100CX-JP组串式逆变器参数模板"
		},
		{
			"remark":"111-60Hz-SG100CX-JP组串式逆变器参数模板",
			"set_id":111,
			"set_name":"111-60Hz-SG100CX-JP组串式逆变器参数模板"
		},
		{
			"remark":"112-50Hz-SG25CX-SA组串式逆变器参数模板",
			"set_id":112,
			"set_name":"112-50Hz-SG25CX-SA组串式逆变器参数模板"
		},
		{
			"remark":"113-60Hz-SG25CX-SA组串式逆变器参数模板",
			"set_id":113,
			"set_name":"113-60Hz-SG25CX-SA组串式逆变器参数模板"
		},
		{
			"remark":"50HZ  SG33CX/SG40CX/SG50CX/SG100KTL-M/SG110CX 组串式逆变器参数模板+澳大利亚",
			"set_id":114,
			"set_name":"50HZ  SG33CX/SG40CX/SG50CX/SG100KTL-M/SG110CX 组串式逆变器参数模板+澳大利亚"
		},
		{
			"remark":"CB0_V1.0.21+AB0_V1.0.17+西澳+低压储能",
			"set_id":115,
			"set_name":"CB0_V1.0.21+AB0_V1.0.17+西澳+低压储能"
		},
		{
			"remark":"CB0_V1.0.22+ABO_V1.0.17+通用机型-低压储能",
			"set_id":116,
			"set_name":"CB0_V1.0.22+ABO_V1.0.17+通用机型"
		},
		{
			"remark":"户用老协议CR0_1.0.5自描述50Hz普通参数",
			"set_id":117,
			"set_name":"户用老协议CR0_1.0.5自描述50Hz普通参数"
		},
		{
			"remark":"户用老协议CR0_1.0.5自描述60Hz普通参数",
			"set_id":118,
			"set_name":"户用老协议CR0_1.0.5自描述60Hz普通参数"
		},
		{
			"remark":"光伏逆变器合集 高级参数+储能+AAP1.0.2",
			"set_id":1009,
			"set_name":"光伏逆变器合集 高级参数+储能+AAP1.0.2"
		},
		{
			"remark":"光伏逆变器合集 高级参数+光伏+AAP1.0.2",
			"set_id":1010,
			"set_name":"光伏逆变器合集 高级参数+光伏+AAP1.0.2"
		},
		{
			"remark":"CB0_V1.0.22+AB0_V1.0.17+西澳+低压储能",
			"set_id":120,
			"set_name":"CB0_V1.0.22+AB0_V1.0.17+西澳+低压储能"
		},
		{
			"remark":"CB0_V1.0.22+AB0_V1.0.17+意大利+低压储能",
			"set_id":121,
			"set_name":"CB0_V1.0.22+AB0_V1.0.17+意大利+低压储能"
		},
		{
			"remark":"光伏逆变器合集 高级参数+储能+AAP1.0.3",
			"set_id":1011,
			"set_name":"光伏逆变器合集 高级参数+储能+AAP1.0.3"
		},
		{
			"remark":"光伏逆变器合集 高级参数+光伏+AAP1.0.3",
			"set_id":1012,
			"set_name":"光伏逆变器合集 高级参数+光伏+AAP1.0.3"
		},
		{
			"remark":"CB0_V1.0.22+ABO_V1.0.18+通用机型-低压储能",
			"set_id":122,
			"set_name":"CB0_V1.0.22+ABO_V1.0.18+通用机型+低压储能"
		},
		{
			"remark":"CB0_V1.0.22+AB0_V1.0.18+西澳+低压储能",
			"set_id":126,
			"set_name":"CB0_V1.0.22+AB0_V1.0.18+西澳+低压储能"
		},
		{
			"remark":"CB0_V1.0.22+AB0_V1.0.18+意大利+低压储能",
			"set_id":127,
			"set_name":"CB0_V1.0.22+AB0_V1.0.18+意大利+低压储能"
		},
		{
			"remark":"通信模块参数设置模板",
			"set_id":10000,
			"set_name":"通信模块参数设置模板"
		},
		{
			"remark":"数据采集器参数设置模板",
			"set_id":10001,
			"set_name":"数据采集器参数设置模板"
		},
		{
			"remark":"新协议储能初始化并网设置德国参数设置+AAP1.0.3",
			"set_id":1013,
			"set_name":"新协议储能初始化并网设置德国参数设置+AAP1.0.3"
		},
		{
			"remark":"光伏逆变器合集初始并网设置德国低压+AAP1.0.1,在1.0.1,1.0.2基础上新增了测点",
			"set_id":1014,
			"set_name":"光伏逆变器合集初始并网设置德国低压+AAP1.0.3"
		},
		{
			"remark":"光储合集-澳洲初始并网（电力公司：澳大利亚）",
			"set_id":1015,
			"set_name":"光储协议合集-澳大利亚初始并网设置一键化设置"
		},
		{
			"remark":"光储合集-澳洲初始并网一（电力公司：昆州，电网类型：2种通用）",
			"set_id":1016,
			"set_name":"光储协议合集-澳大利亚初始并网设置一键化设置"
		},
		{
			"remark":"小三相+组串+新品小三相-老协议-澳大利亚初始并网一键化设置（电力公司：澳大利亚）",
			"set_id":130,
			"set_name":"中功率组串老协议-澳大利亚初始并网设置一键化设置"
		},
		{
			"remark":"小三相+组串+新品小三相-老协议-澳大利亚初始并网一键化设置（电力公司：昆州，电网类型：2种通用）",
			"set_id":131,
			"set_name":"中功率组串老协议-澳大利亚初始并网设置一键化设置"
		},
		{
			"remark":"户用光伏老协议-澳大利亚初始并网一键化设置（电力公司：澳大利亚）",
			"set_id":132,
			"set_name":"户用光伏老协议-澳大利亚初始并网设置一键化设置"
		},
		{
			"remark":"户用光伏老协议-澳大利亚初始并网一键化设置（电力公司：昆州，电网类型：2种通用）",
			"set_id":133,
			"set_name":"户用光伏老协议-澳大利亚初始并网设置一键化设置"
		},
		{
			"remark":"户用低压储能老协议-澳大利亚初始并网一键化设置（电力公司：澳大利亚）",
			"set_id":134,
			"set_name":"户用低压储能老协议-澳大利亚初始并网设置一键化设置"
		},
		{
			"remark":"户用低压储能老协议-澳大利亚初始并网一键化设置（电力公司：昆州，电网类型：2种通用）",
			"set_id":135,
			"set_name":"户用低压储能老协议-澳大利亚初始并网设置一键化设置"
		},
		{
			"remark":"摆渡车参数设置",
			"set_id":136,
			"set_name":"摆渡车参数设置"
		},
		{
			"remark":"光储合集-澳洲初始并网（维州Jemena（<10kVA,=30kVA）、维州CitiPower & Powercor（两种电网类型）、维州United Energy（两种电网类型））",
			"set_id":1017,
			"set_name":"光储协议合集-澳大利亚初始并网设置一键化设置"
		},
		{
			"remark":"光储合集-澳洲初始并网（维州Jemena（电网类型：30-200kVA））",
			"set_id":1018,
			"set_name":"光储协议合集-澳大利亚初始并网设置一键化设置"
		},
		{
			"remark":"小三相+组串+新品小三相-老协议-澳大利亚（维州Jemena（<10kVA,=30kVA）、维州CitiPower & Powercor（两种电网类型）、维州United Energy（两电网类型）)",
			"set_id":137,
			"set_name":"中功率组串老协议-澳大利亚初始并网设置一键化设置"
		},
		{
			"remark":"小三相+组串+新品小三相-老协议-澳大利亚初始并网一键化设置（维州Jemena（电网类型：30-200kVA））",
			"set_id":138,
			"set_name":"中功率组串老协议-澳大利亚初始并网设置一键化设置"
		},
		{
			"remark":"光储合集-澳洲初始并网（新州Endeavour Energy（电网类型：MDI 0043））",
			"set_id":1019,
			"set_name":"光储协议合集-澳大利亚初始并网设置一键化设置"
		},
		{
			"remark":"光储合集-澳洲初始并网（新州Ausgrid（电网类型：NS194））",
			"set_id":1020,
			"set_name":"光储协议合集-澳大利亚初始并网设置一键化设置"
		},
		{
			"remark":"光储合集-澳洲初始并网（北领地PowerWater（电网类型：AS/NZS 4777.2:2015））",
			"set_id":1021,
			"set_name":"光储协议合集-澳大利亚初始并网设置一键化设置"
		},
		{
			"remark":"光储合集-澳洲初始并网（南澳洲SA Power Networks（两种电网类型：<10kVA和>200kW））",
			"set_id":1022,
			"set_name":"光储协议合集-澳大利亚初始并网设置一键化设置"
		},
		{
			"remark":"光储合集-澳洲初始并网（南澳洲SA Power Networks（一种电网类型：>30kW & ≤200kW））",
			"set_id":1023,
			"set_name":"光储协议合集-澳大利亚初始并网设置一键化设置"
		},
		{
			"remark":"光储合集-澳洲初始并网（西澳洲Horizon Power（两种电网类型：<10kVA和>30kVA））",
			"set_id":1024,
			"set_name":"光储协议合集-澳大利亚初始并网设置一键化设置"
		},
		{
			"remark":"光储合集-澳洲初始并网（西澳洲westernpower（一种电网类型：EDM＃33612889-2019））",
			"set_id":1025,
			"set_name":"光储协议合集-澳大利亚初始并网设置一键化设置"
		},
		{
			"remark":"小三相+组串+新品小三相-老协议-澳大利亚（新州Endeavour Energy，电网类型：MDI 0043）",
			"set_id":139,
			"set_name":"中功率组串老协议-澳大利亚初始并网设置一键化设置"
		},
		{
			"remark":"小三相+组串+新品小三相-老协议-澳大利亚（新州Ausgrid，电网类型：NS194）",
			"set_id":140,
			"set_name":"中功率组串老协议-澳大利亚初始并网设置一键化设置"
		},
		{
			"remark":"小三相+组串+新品小三相-老协议-澳大利亚（北领地PowerWater，电网类型：AS/NZS 4777.2:2015）",
			"set_id":141,
			"set_name":"中功率组串老协议-澳大利亚初始并网设置一键化设置"
		},
		{
			"remark":"小三相+组串+新品小三相-老协议-澳大利亚（南澳州SA Power Networks，支持两种电网类型<30kVA和>200kW）",
			"set_id":142,
			"set_name":"中功率组串老协议-澳大利亚初始并网设置一键化设置"
		},
		{
			"remark":"小三相+组串+新品小三相-老协议-澳大利亚（南澳州SA Power Networks，电网类型>30kW & ≤200kW）",
			"set_id":143,
			"set_name":"中功率组串老协议-澳大利亚初始并网设置一键化设置"
		},
		{
			"remark":"小三相+组串+新品小三相-老协议-澳大利亚（西澳州Horizon Power，支持两种电网类型≤10kVA和>30kVA）",
			"set_id":144,
			"set_name":"中功率组串老协议-澳大利亚初始并网设置一键化设置"
		},
		{
			"remark":"小三相+组串+新品小三相-老协议-澳大利亚（西澳州westernpower，电网类型：EDM＃33612889-2019）",
			"set_id":145,
			"set_name":"中功率组串老协议-澳大利亚初始并网设置一键化设置"
		},
		{
			"remark":"户用光伏老协议-澳大利亚初始并网一键化设置（维州Jemena（<10kVA,=30kVA）、维州CitiPower & Powercor（两种电网类型）、维州United Energy（两电网类型））",
			"set_id":146,
			"set_name":"户用光伏老协议-澳大利亚初始并网设置一键化设置"
		},
		{
			"remark":"户用光伏老协议-澳大利亚初始并网一键化设置（维州Jemena（电网类型：30-200kVA））",
			"set_id":147,
			"set_name":"户用光伏老协议-澳大利亚初始并网设置一键化设置"
		},
		{
			"remark":"户用光伏老协议-澳大利亚初始并网一键化设置（新州Endeavour Energy，电网类型：MDI 0043）",
			"set_id":148,
			"set_name":"户用光伏老协议-澳大利亚初始并网设置一键化设置"
		},
		{
			"remark":"户用光伏老协议-澳大利亚初始并网一键化设置（新州Ausgrid，电网类型：NS194）",
			"set_id":149,
			"set_name":"户用光伏老协议-澳大利亚初始并网设置一键化设置"
		},
		{
			"remark":"户用光伏老协议-澳大利亚初始并网一键化设置（北领地PowerWater，电网类型：AS/NZS 4777.2:2015）",
			"set_id":150,
			"set_name":"户用光伏老协议-澳大利亚初始并网设置一键化设置"
		},
		{
			"remark":"户用光伏老协议-澳大利亚初始并网一键化设置（南澳州SA Power Networks，支持两种电网类型<30kVA和>200kW）",
			"set_id":151,
			"set_name":"户用光伏老协议-澳大利亚初始并网设置一键化设置"
		},
		{
			"remark":"户用光伏老协议-澳大利亚初始并网一键化设置（南澳州SA Power Networks，电网类型>30kW & ≤200kW）",
			"set_id":152,
			"set_name":"户用光伏老协议-澳大利亚初始并网设置一键化设置"
		},
		{
			"remark":"户用光伏老协议-澳大利亚初始并网一键化设置（西澳州Horizon Power，支持两种电网类型≤10kVA和>30kVA）",
			"set_id":153,
			"set_name":"户用光伏老协议-澳大利亚初始并网设置一键化设置"
		},
		{
			"remark":"户用光伏老协议-澳大利亚初始并网一键化设置（西澳州westernpower，电网类型：EDM＃33612889-2019）",
			"set_id":154,
			"set_name":"户用光伏老协议-澳大利亚初始并网设置一键化设置"
		},
		{
			"remark":"户用低压储能老协议-澳洲并网设置（维州Jemena（<10kVA,=30kVA）、维州CitiPower & Powercor（两种电网类型）、维州United Energy（两电网类型））",
			"set_id":155,
			"set_name":"户用低压储能老协议-澳大利亚初始并网设置一键化设置"
		},
		{
			"remark":"户用低压储能老协议-澳大利亚初始并网一键化设置（电力公司：维州Jemena，电网类型：30-200kVA）",
			"set_id":156,
			"set_name":"户用低压储能老协议-澳大利亚初始并网设置一键化设置"
		},
		{
			"remark":"户用低压储能老协议-澳大利亚初始并网一键化设置（新州Endeavour Energy，电网类型：MDI 0043）",
			"set_id":157,
			"set_name":"户用低压储能老协议-澳大利亚初始并网设置一键化设置"
		},
		{
			"remark":"户用低压储能老协议-澳大利亚初始并网一键化设置（新州Ausgrid，电网类型：NS194）",
			"set_id":158,
			"set_name":"户用低压储能老协议-澳大利亚初始并网设置一键化设置"
		},
		{
			"remark":"户用低压储能老协议-澳大利亚初始并网一键化设置（北领地PowerWater，电网类型：AS/NZS 4777.2:2015）",
			"set_id":159,
			"set_name":"户用低压储能老协议-澳大利亚初始并网设置一键化设置"
		},
		{
			"remark":"户用低压储能老协议-澳大利亚初始并网一键化设置（南澳州SA Power Networks，支持两种电网类型<30kVA和>200kW）",
			"set_id":160,
			"set_name":"户用低压储能老协议-澳大利亚初始并网设置一键化设置"
		},
		{
			"remark":"户用低压储能老协议-澳大利亚初始并网一键化设置（南澳州SA Power Networks，电网类型>30kW & ≤200kW）",
			"set_id":161,
			"set_name":"户用低压储能老协议-澳大利亚初始并网设置一键化设置"
		},
		{
			"remark":"户用低压储能老协议-澳大利亚初始并网一键化设置（西澳州Horizon Power，支持两种电网类型≤10kVA和>30kVA）",
			"set_id":162,
			"set_name":"户用低压储能老协议-澳大利亚初始并网设置一键化设置"
		},
		{
			"remark":"户用低压储能老协议-澳大利亚初始并网一键化设置（西澳州westernpower，电网类型：EDM＃33612889-2019）",
			"set_id":163,
			"set_name":"户用低压储能老协议-澳大利亚初始并网设置一键化设置"
		},
		{
			"remark":"50HZ  SG75CX 组串式逆变器参数模板",
			"set_id":164,
			"set_name":"50HZ  SG75CX 组串式逆变器参数模板"
		},
		{
			"remark":"60HZ  SG75CX 组串式逆变器参数模板",
			"set_id":165,
			"set_name":"60HZ  SG75CX 组串式逆变器参数模板"
		},
		{
			"remark":"光伏逆变器合集50Hz普通参数+储能+AAP1.0.4",
			"set_id":1026,
			"set_name":"光伏逆变器合集50Hz普通参数+储能+AAP1.0.4"
		},
		{
			"remark":"光伏逆变器合集60Hz普通参数+储能+AAP1.0.4",
			"set_id":1027,
			"set_name":"光伏逆变器合集60Hz普通参数+储能+AAP1.0.4"
		},
		{
			"remark":"新协议储能初始化参数设置+AAP1.0.4",
			"set_id":1028,
			"set_name":"新协议储能初始化参数设置+AAP1.0.4"
		},
		{
			"remark":"光伏逆变器合集50Hz普通参数+光伏+AAP1.0.4",
			"set_id":1029,
			"set_name":"光伏逆变器合集50Hz普通参数+光伏+AAP1.0.4"
		},
		{
			"remark":"光伏逆变器合集60Hz普通参数+光伏+AAP1.0.4",
			"set_id":1030,
			"set_name":"光伏逆变器合集60Hz普通参数+光伏+AAP1.0.4"
		},
		{
			"remark":"光伏逆变器合集 高级参数+储能+AAP1.0.4",
			"set_id":1031,
			"set_name":"光伏逆变器合集 高级参数+储能+AAP1.0.4"
		},
		{
			"remark":"光伏逆变器合集 高级参数+光伏+AAP1.0.4",
			"set_id":1032,
			"set_name":"光伏逆变器合集 高级参数+光伏+AAP1.0.4"
		},
		{
			"remark":"新协议储能初始化并网设置德国参数设置+AAP1.0.4",
			"set_id":1033,
			"set_name":"新协议储能初始化并网设置德国参数设置+AAP1.0.4"
		},
		{
			"remark":"光伏逆变器合集初始并网设置德国低压+AAP1.0.4",
			"set_id":1034,
			"set_name":"光伏逆变器合集初始并网设置德国低压+AAP1.0.4"
		},
		{
			"remark":"CB0_V1.0.23+ABO_V1.0.19+通用机型-低压储能",
			"set_id":166,
			"set_name":"CB0_V1.0.23+ABO_V1.0.19+通用机型+低压储能"
		},
		{
			"remark":"CB0_V1.0.23+AB0_V1.0.19+西澳+低压储能",
			"set_id":167,
			"set_name":"CB0_V1.0.23+AB0_V1.0.19+西澳+低压储能"
		},
		{
			"remark":"CB0_V1.0.23+AB0_V1.0.19+意大利+低压储能",
			"set_id":168,
			"set_name":"CB0_V1.0.23+AB0_V1.0.19+意大利+低压储能"
		},
		{
			"remark":"户用光伏老协议-澳大利亚初始并网一键化设置（电力公司：AS/NZS 4777.2:2020 Australia B）",
			"set_id":170,
			"set_name":"户用光伏老协议-澳大利亚初始并网设置一键化设置"
		},
		{
			"remark":"光储合集-澳洲初始并网（澳洲电力公司： AS/NZS 4777.2:2020 Australia A ）（组串式+户用光伏）",
			"set_id":1035,
			"set_name":"光储协议合集-澳大利亚初始并网设置一键化设置"
		},
		{
			"remark":"户用光伏老协议-澳大利亚初始并网一键化设置（电力公司：AS/NZS 4777.2:2020 Australia A；电力公司Essential Energy复用）",
			"set_id":169,
			"set_name":"户用光伏老协议-澳大利亚初始并网设置一键化设置"
		},
		{
			"remark":"户用光伏老协议-澳大利亚初始并网一键化设置（电力公司：AS/NZS 4777.2:2020 Australia C）",
			"set_id":171,
			"set_name":"户用光伏老协议-澳大利亚初始并网设置一键化设置"
		},
		{
			"remark":"光储合集-澳洲初始并网（澳洲电力公司： AS/NZS 4777.2:2020 Australia A ）（户用储能）",
			"set_id":1036,
			"set_name":"光储协议合集-澳大利亚初始并网设置一键化设置"
		},
		{
			"remark":"光储合集-澳洲初始并网（澳洲电力公司： AS/NZS 4777.2:2020 Australia B）（组串式+户用光伏）",
			"set_id":1037,
			"set_name":"光储协议合集-澳大利亚初始并网设置一键化设置"
		},
		{
			"remark":"光储合集-澳洲初始并网（澳洲电力公司： AS/NZS 4777.2:2020 Australia B）（户用储能）",
			"set_id":1038,
			"set_name":"光储协议合集-澳大利亚初始并网设置一键化设置"
		},
		{
			"remark":"光储合集-澳洲初始并网（澳洲电力公司： AS/NZS 4777.2:2020 Australia C）（组串式+户用光伏）",
			"set_id":1039,
			"set_name":"光储协议合集-澳大利亚初始并网设置一键化设置"
		},
		{
			"remark":"光储合集-澳洲初始并网（澳洲电力公司： AS/NZS 4777.2:2020 Australia C）（户用储能）",
			"set_id":1040,
			"set_name":"光储协议合集-澳大利亚初始并网设置一键化设置"
		},
		{
			"remark":"光储协议合集-日本定制化普通参数模板(50Hz)",
			"set_id":2050,
			"set_name":"光储协议合集-日本定制化普通参数模板(50Hz)"
		},
		{
			"remark":"光储协议合集-日本定制化普通参数模板(60Hz)",
			"set_id":2051,
			"set_name":"光储协议合集-日本定制化普通参数模板(60Hz)"
		},
		{
			"remark":"光储协议合集-日本定制化高级参数模板（50Hz+60Hz）",
			"set_id":2052,
			"set_name":"光储协议合集-日本定制化高级参数模板（50Hz+60Hz）"
		},
		{
			"remark":"户用低压储能老协议-澳大利亚初始并网一键化设置（ AS/NZS 4777.2:2020 Australia A）",
			"set_id":172,
			"set_name":"户用低压储能老协议-澳大利亚初始并网设置一键化设置"
		},
		{
			"remark":"户用低压储能老协议-澳大利亚初始并网一键化设置（ AS/NZS 4777.2:2020 Australia B）",
			"set_id":173,
			"set_name":"户用低压储能老协议-澳大利亚初始并网设置一键化设置"
		},
		{
			"remark":"户用低压储能老协议-澳大利亚初始并网一键化设置（ AS/NZS 4777.2:2020 Australia C）",
			"set_id":174,
			"set_name":"户用低压储能老协议-澳大利亚初始并网设置一键化设置"
		},
		{
			"remark":"光储合集-澳洲初始并网（电力公司： Essential Energy（一种电网类型：Low Voltage））（组串式+户用光伏）",
			"set_id":1041,
			"set_name":"光储协议合集-澳大利亚初始并网设置一键化设置"
		},
		{
			"remark":"光储合集-澳洲初始并网（电力公司： Essential Energy（一种电网类型：Low Voltage））（户用储能）",
			"set_id":1042,
			"set_name":"光储协议合集-澳大利亚初始并网设置一键化设置"
		},
		{
			"remark":"电池参数设置模板+AAP1.0.4",
			"set_id":5001,
			"set_name":"电池参数设置模板+AAP1.0.4"
		},
		{
			"remark":"CB0_V1.0.24+AB0_V1.0.20+西澳+低压储能",
			"set_id":175,
			"set_name":"CB0_V1.0.24+AB0_V1.0.20+西澳+低压储能"
		},
		{
			"remark":"户用老协议CR0-1.0.5_AR0-1.0.18自描述50Hz普通参数",
			"set_id":177,
			"set_name":"户用老协议CR0-1.0.5_AR0-1.0.18自描述50Hz普通参数"
		},
		{
			"remark":"户用老协议CR0-1.0.5_AR0-1.0.18自描述60Hz普通参数",
			"set_id":178,
			"set_name":"户用老协议CR0-1.0.5_AR0-1.0.18自描述60Hz普通参数"
		},
		{
			"remark":"优化器参数设置模板",
			"set_id":7001,
			"set_name":"优化器参数设置模板"
		},
		{
			"remark":"户用低压储能老协议-澳大利亚初始并网一键化设置（电力公司：Essential Energy，电网类型：Low Voltage Basic）",
			"set_id":179,
			"set_name":"户用低压储能老协议-澳大利亚初始并网设置一键化设置"
		},
		{
			"remark":"电池高级参数设置模板+AAP1.0.4",
			"set_id":5002,
			"set_name":"电池高级参数设置模板+AAP1.0.4"
		},
		{
			"remark":"优化器主控参数设置模板",
			"set_id":8001,
			"set_name":"优化器主控参数设置模板"
		},
		{
			"remark":"其他国家组串初始化参数设置",
			"set_id":104,
			"set_name":"其他国家组串初始化参数设置"
		},
		{
			"remark":"光伏逆变器合集50Hz普通参数+储能+AAP1.0.5",
			"set_id":1054,
			"set_name":"光伏逆变器合集50Hz普通参数+储能+AAP1.0.5"
		},
		{
			"remark":"光伏逆变器合集60Hz普通参数+储能+AAP1.0.5",
			"set_id":1055,
			"set_name":"光伏逆变器合集60Hz普通参数+储能+AAP1.0.5"
		},
		{
			"remark":"新协议储能初始化参数设置+AAP1.0.5",
			"set_id":1056,
			"set_name":"新协议储能初始化参数设置+AAP1.0.5"
		},
		{
			"remark":"光伏逆变器合集50Hz普通参数+光伏+AAP1.0.5",
			"set_id":1057,
			"set_name":"光伏逆变器合集50Hz普通参数+光伏+AAP1.0.5"
		},
		{
			"remark":"光伏逆变器合集60Hz普通参数+光伏+AAP1.0.5",
			"set_id":1058,
			"set_name":"光伏逆变器合集60Hz普通参数+光伏+AAP1.0.5"
		},
		{
			"remark":"光伏逆变器合集 高级参数+储能+AAP1.0.5",
			"set_id":1059,
			"set_name":"光伏逆变器合集 高级参数+储能+AAP1.0.5"
		},
		{
			"remark":"光伏逆变器合集 高级参数+光伏+AAP1.0.5",
			"set_id":1060,
			"set_name":"光伏逆变器合集 高级参数+光伏+AAP1.0.5"
		},
		{
			"remark":"新协议储能初始化并网设置德国参数设置+AAP1.0.5",
			"set_id":1061,
			"set_name":"新协议储能初始化并网设置德国参数设置+AAP1.0.5"
		},
		{
			"remark":"光伏逆变器合集初始并网设置德国低压+AAP1.0.5",
			"set_id":1062,
			"set_name":"光伏逆变器合集初始并网设置德国低压+AAP1.0.5"
		},
		{
			"remark":"电池参数设置模板+AAP1.0.5",
			"set_id":5003,
			"set_name":"电池参数设置模板+AAP1.0.5"
		},
		{
			"remark":"电池高级参数设置模板+AAP1.0.5",
			"set_id":5004,
			"set_name":"电池高级参数设置模板+AAP1.0.5"
		},
		{
			"remark":"CB0_V1.0.24+ABO_V1.0.20+通用机型+低压储能",
			"set_id":180,
			"set_name":"CB0_V1.0.24+ABO_V1.0.20+通用机型+低压储能"
		},
		{
			"remark":"CB0_V1.0.24+ABO_V1.0.20+意大利+低压储能",
			"set_id":181,
			"set_name":"CB0_V1.0.24+ABO_V1.0.20+意大利+低压储能"
		}
	],
	"result_msg":"success"
}