{
	"req_serial_num":"20220209cf3945d0a3e589071f0597a3",
	"result_code":"1",
	"result_data":{
		"pageList":[
			{
				"alarm_count":0,
				"alarm_dev_count":0,
				"area_id":null,
				"area_type":null,
				"arrears_status":0,
				"build_date":"2022-01-28 11:29:14",
				"build_status":2,
				"co2_reduce":{
					"unit":"kg",
					"value":"55.034"
				},
				"co2_reduce_total":{
					"unit":"kg",
					"value":"474.572"
				},
				"curr_power":{
					"unit":"W",
					"value":"518"
				},
				"daily_irradiation":{
					"unit":"",
					"value":"--"
				},
				"daily_irradiation_virgin":null,
				"design_capacity":"10",
				"design_capacity_unit":"kWp",
				"design_capacity_virgin":10000.0,
				"equivalent_hour":{
					"unit":"Hour",
					"value":"5.52"
				},
				"es_disenergy":{
					"unit":"kWh",
					"value":"0"
				},
				"es_energy":{
					"unit":"kWh",
					"value":"0"
				},
				"es_power":{
					"unit":"W",
					"value":"518"
				},
				"es_total_disenergy":{
					"unit":"kWh",
					"value":"0"
				},
				"es_total_energy":{
					"unit":"kWh",
					"value":"0"
				},
				"expect_install_date":"2022-01-28 00:00:00",
				"fault_alarm_offline_dev_count":0,
				"fault_count":0,
				"fault_dev_count":0,
				"gcj_latitude":"",
				"gcj_longitude":"",
				"gprs_latitude":null,
				"gprs_longitude":null,
				"images":[
					{
						"file_id":38721,
						"id":23010,
						"pic_language":0,
						"pic_type":0,
						"picture_name":"ISCMaintain_20220128162228179.png",
						"picture_url":"https://file-au.isolarcloud.com/UploadImageForiOS/20220128132228767QHQIJD.png",
						"ps_id":1129147,
						"ps_unit_uuid":null
					}
				],
				"install_date":"2022-01-28 11:29:13",
				"installed_power_map":{
					"unit":"kWp",
					"value":"10"
				},
				"installed_power_virgin":10000.0000,
				"installer_alarm_count":0,
				"installer_fault_count":0,
				"installer_ps_fault_status":3,
				"is_bank_ps":0,
				"is_tuv":0,
				"join_year_init_elec":0.0000,
				"latitude":,
				"location":"HERE",
				"longitude":,
				"map_latitude":"",
				"map_longitude":"",
				"mlpe_flag":0,
				"nmi":"",
				"offline_dev_count":0,
				"operate_year":null,
				"operation_bus_name":null,
				"owner_alarm_count":0,
				"owner_fault_count":0,
				"owner_ps_fault_status":3,
				"p83022y":"32700.0",
				"p83046":null,
				"p83048":null,
				"p83049":null,
				"p83050":null,
				"p83051":null,
				"p83054":null,
				"p83055":null,
				"p83067":null,
				"p83070":null,
				"p83076":518.0000,
				"p83077":55200.0000,
				"p83081":518.0000,
				"p83089":0.0000,
				"p83095":0.0000,
				"p83118":55200.0000,
				"p83120":0.0000,
				"p83127":0.0000,
				"param_co2":0.997,
				"param_coal":0.404,
				"param_income":0.000095,
				"param_meter":8.6956,
				"param_nox":0.015,
				"param_powder":0.272,
				"param_so2":0.03,
				"param_tree":0.00005448,
				"param_water":0.004,
				"producer":null,
				"ps_country_id":19,
				"ps_fault_status":3,
				"ps_health_status":"3",
				"ps_holder":"MickMake",
				"ps_id":1129147,
				"ps_is_not_init":"0",
				"ps_name":"MickMake",
				"ps_short_name":"B2192301528",
				"ps_status":1,
				"ps_timezone":"GMT+10",
				"ps_type":5,
				"pv_energy":{
					"unit":"kWh",
					"value":"55.2"
				},
				"pv_power":{
					"unit":"W",
					"value":"518"
				},
				"radiation":{
					"unit":"",
					"value":"--"
				},
				"radiation_virgin":null,
				"recore_create_time":"2022-01-28 11:29:14",
				"safe_start_date":"2022-01-28",
				"share_type":"0",
				"shipping_address":"",
				"shipping_zip_code":"",
				"today_energy":{
					"unit":"kWh",
					"value":"55.2"
				},
				"today_income":{
					"unit":"AUD",
					"value":"18.44"
				},
				"total_capcity":{
					"unit":"kWp",
					"value":"10"
				},
				"total_energy":{
					"unit":"kWh",
					"value":"476"
				},
				"total_income":{
					"unit":"AUD",
					"value":"170.938"
				},
				"total_init_co2_accelerate":0.0000,
				"total_init_elec":0.0000,
				"total_init_profit":0.0000,
				"use_energy":{
					"unit":"kWh",
					"value":"55.2"
				},
				"valid_flag":1,
				"wgs_latitude":,
				"wgs_longitude":,
				"zip_code":""
			}
		],
		"rowCount":1
	},
	"result_msg":"success"
}
