{
	"req_serial_num":"202202101ad14bf5bb88b77264df8c18",
	"result_code":"1",
	"result_data":{
		"accept_order_num":0,
		"background_color":1,
		"countryid":"19",
		"createdate":"Tue Nov 16 23:30:12 CST 2021",
		"createuserid":"276937",
		"current_order_num":0,
		"disable_time":"null",
		"email":"USERNAME",
		"englishname":null,
		"err_times":"0",
		"gcj_latitude":null,
		"gcj_longitude":null,
		"im_token":null,
		"isDST":"0",
		"is_afs_flag":"0",
		"is_agree_gdpr":1,
		"is_au":1,
		"is_can_modify_user_account":0,
		"is_disable_map":"0",
		"is_gdpr":0,
		"is_have_im":0,
		"is_new_version":1,
		"is_online":"0",
		"is_open_protocol":1,
		"is_receive_notice":1,
		"is_share_position":0,
		"is_upload_location":0,
		"is_use_sungrow_brand":"0",
		"is_valid_mobile_email":2,
		"isdst":"0",
		"jobs":null,
		"language":"English",
		"loginFirstDate":"2021-11-16 23:30:31",
		"loginFristDate":"2021-11-16 23:30:31",
		"loginLastDate":"2022-02-10 04:38:40",
		"loginLastIp":"",
		"loginTimes":108,
		"login_state":"1",
		"logo":null,
		"logo_https_url":null,
		"map_type":"2",
		"min_date":"20000101",
		"mobile_tel":null,
		"org_id":"499",
		"org_name":"我的家庭电站",
		"org_timezone":"GMT+8",
		"password_is_simple":0,
		"photo_id":null,
		"photo_url":null,
		"privileges":[
			{
				"father_id":0,
				"icon_url":null,
				"is_third_platform":0,
				"menu_code":"801",
				"menu_level":1,
				"menu_name":"阳光云App国际版",
				"menu_type":"0",
				"menu_url":"",
				"privilege_id":879,
				"role_id":349,
				"url_target":""
			},
			{
				"father_id":879,
				"icon_url":null,
				"is_third_platform":0,
				"menu_code":"801101",
				"menu_level":2,
				"menu_name":"电站",
				"menu_type":"2",
				"menu_url":"//#",
				"privilege_id":880,
				"role_id":349,
				"url_target":""
			},
			{
				"father_id":879,
				"icon_url":null,
				"is_third_platform":0,
				"menu_code":"801102",
				"menu_level":2,
				"menu_name":"故障",
				"menu_type":"2",
				"menu_url":"//#",
				"privilege_id":881,
				"role_id":349,
				"url_target":""
			},
			{
				"father_id":879,
				"icon_url":null,
				"is_third_platform":0,
				"menu_code":"801103",
				"menu_level":2,
				"menu_name":"个人中心",
				"menu_type":"2",
				"menu_url":"//#",
				"privilege_id":882,
				"role_id":349,
				"url_target":""
			},
			{
				"father_id":879,
				"icon_url":null,
				"is_third_platform":0,
				"menu_code":"801104",
				"menu_level":2,
				"menu_name":"其他",
				"menu_type":"2",
				"menu_url":"//#",
				"privilege_id":883,
				"role_id":349,
				"url_target":""
			},
			{
				"father_id":880,
				"icon_url":null,
				"is_third_platform":0,
				"menu_code":"801101101",
				"menu_level":3,
				"menu_name":"删除电站",
				"menu_type":"2",
				"menu_url":"//#",
				"privilege_id":884,
				"role_id":349,
				"url_target":""
			},
			{
				"father_id":880,
				"icon_url":null,
				"is_third_platform":0,
				"menu_code":"801101102",
				"menu_level":3,
				"menu_name":"分享电站",
				"menu_type":"2",
				"menu_url":"//#",
				"privilege_id":885,
				"role_id":349,
				"url_target":""
			},
			{
				"father_id":880,
				"icon_url":null,
				"is_third_platform":0,
				"menu_code":"801101103",
				"menu_level":3,
				"menu_name":"老手建站",
				"menu_type":"2",
				"menu_url":"//#",
				"privilege_id":886,
				"role_id":349,
				"url_target":""
			},
			{
				"father_id":880,
				"icon_url":null,
				"is_third_platform":0,
				"menu_code":"801101104",
				"menu_level":3,
				"menu_name":"电站主页",
				"menu_type":"2",
				"menu_url":"//#",
				"privilege_id":887,
				"role_id":349,
				"url_target":""
			},
			{
				"father_id":887,
				"icon_url":null,
				"is_third_platform":0,
				"menu_code":"801101104101",
				"menu_level":4,
				"menu_name":"电站概览",
				"menu_type":"2",
				"menu_url":"//#",
				"privilege_id":888,
				"role_id":349,
				"url_target":""
			},
			{
				"father_id":887,
				"icon_url":null,
				"is_third_platform":0,
				"menu_code":"801101104102",
				"menu_level":4,
				"menu_name":"设备列表",
				"menu_type":"2",
				"menu_url":"//#",
				"privilege_id":889,
				"role_id":349,
				"url_target":""
			},
			{
				"father_id":887,
				"icon_url":null,
				"is_third_platform":0,
				"menu_code":"801101104103",
				"menu_level":4,
				"menu_name":"配置",
				"menu_type":"2",
				"menu_url":"//#",
				"privilege_id":890,
				"role_id":349,
				"url_target":""
			},
			{
				"father_id":889,
				"icon_url":null,
				"is_third_platform":0,
				"menu_code":"801101104102101",
				"menu_level":5,
				"menu_name":"基本信息",
				"menu_type":"2",
				"menu_url":"//#",
				"privilege_id":891,
				"role_id":349,
				"url_target":""
			},
			{
				"father_id":889,
				"icon_url":null,
				"is_third_platform":0,
				"menu_code":"801101104102103",
				"menu_level":5,
				"menu_name":"故障告警",
				"menu_type":"2",
				"menu_url":"//#",
				"privilege_id":893,
				"role_id":349,
				"url_target":""
			},
			{
				"father_id":889,
				"icon_url":null,
				"is_third_platform":0,
				"menu_code":"801101104102104",
				"menu_level":5,
				"menu_name":"发电信息",
				"menu_type":"2",
				"menu_url":"//#",
				"privilege_id":894,
				"role_id":349,
				"url_target":""
			},
			{
				"father_id":889,
				"icon_url":null,
				"is_third_platform":0,
				"menu_code":"801101104102105",
				"menu_level":5,
				"menu_name":"参数设置",
				"menu_type":"2",
				"menu_url":"//#",
				"privilege_id":895,
				"role_id":349,
				"url_target":""
			},
			{
				"father_id":890,
				"icon_url":null,
				"is_third_platform":0,
				"menu_code":"801101104103101",
				"menu_level":5,
				"menu_name":"电站",
				"menu_type":"2",
				"menu_url":"//#",
				"privilege_id":896,
				"role_id":349,
				"url_target":""
			},
			{
				"father_id":890,
				"icon_url":null,
				"is_third_platform":0,
				"menu_code":"801101104103102",
				"menu_level":5,
				"menu_name":"新增通信设备",
				"menu_type":"2",
				"menu_url":"//#",
				"privilege_id":897,
				"role_id":349,
				"url_target":""
			},
			{
				"father_id":890,
				"icon_url":null,
				"is_third_platform":0,
				"menu_code":"801101104103104",
				"menu_level":5,
				"menu_name":"电价",
				"menu_type":"2",
				"menu_url":"//#",
				"privilege_id":899,
				"role_id":349,
				"url_target":""
			},
			{
				"father_id":890,
				"icon_url":null,
				"is_third_platform":0,
				"menu_code":"801101104103107",
				"menu_level":5,
				"menu_name":"删除通信设备",
				"menu_type":"2",
				"menu_url":"//#",
				"privilege_id":902,
				"role_id":349,
				"url_target":""
			},
			{
				"father_id":882,
				"icon_url":null,
				"is_third_platform":0,
				"menu_code":"801103101",
				"menu_level":3,
				"menu_name":"账号信息",
				"menu_type":"2",
				"menu_url":"//#",
				"privilege_id":904,
				"role_id":349,
				"url_target":""
			},
			{
				"father_id":882,
				"icon_url":null,
				"is_third_platform":0,
				"menu_code":"801103102",
				"menu_level":3,
				"menu_name":"WLAN配置",
				"menu_type":"2",
				"menu_url":"//#",
				"privilege_id":905,
				"role_id":349,
				"url_target":""
			},
			{
				"father_id":882,
				"icon_url":null,
				"is_third_platform":0,
				"menu_code":"801103104",
				"menu_level":3,
				"menu_name":"常见问题",
				"menu_type":"2",
				"menu_url":"//#",
				"privilege_id":907,
				"role_id":349,
				"url_target":""
			},
			{
				"father_id":882,
				"icon_url":null,
				"is_third_platform":0,
				"menu_code":"801103105",
				"menu_level":3,
				"menu_name":"设置",
				"menu_type":"2",
				"menu_url":"//#",
				"privilege_id":908,
				"role_id":349,
				"url_target":""
			},
			{
				"father_id":908,
				"icon_url":null,
				"is_third_platform":0,
				"menu_code":"801103105101",
				"menu_level":4,
				"menu_name":"账号与安全",
				"menu_type":"2",
				"menu_url":"//#",
				"privilege_id":909,
				"role_id":349,
				"url_target":""
			},
			{
				"father_id":908,
				"icon_url":null,
				"is_third_platform":0,
				"menu_code":"801103105102",
				"menu_level":4,
				"menu_name":"隐私",
				"menu_type":"2",
				"menu_url":"//#",
				"privilege_id":910,
				"role_id":349,
				"url_target":""
			},
			{
				"father_id":908,
				"icon_url":null,
				"is_third_platform":0,
				"menu_code":"801103105103",
				"menu_level":4,
				"menu_name":"使用声明",
				"menu_type":"2",
				"menu_url":"//#",
				"privilege_id":911,
				"role_id":349,
				"url_target":""
			},
			{
				"father_id":908,
				"icon_url":null,
				"is_third_platform":0,
				"menu_code":"801103105104",
				"menu_level":4,
				"menu_name":"关于",
				"menu_type":"2",
				"menu_url":"//#",
				"privilege_id":912,
				"role_id":349,
				"url_target":""
			},
			{
				"father_id":908,
				"icon_url":null,
				"is_third_platform":0,
				"menu_code":"801103105105",
				"menu_level":4,
				"menu_name":"官网",
				"menu_type":"2",
				"menu_url":"//#",
				"privilege_id":913,
				"role_id":349,
				"url_target":""
			},
			{
				"father_id":883,
				"icon_url":null,
				"is_third_platform":0,
				"menu_code":"801104101",
				"menu_level":3,
				"menu_name":"消息推送",
				"menu_type":"2",
				"menu_url":"//#",
				"privilege_id":914,
				"role_id":349,
				"url_target":""
			},
			{
				"father_id":883,
				"icon_url":null,
				"is_third_platform":0,
				"menu_code":"801104102",
				"menu_level":3,
				"menu_name":"组织LOGO",
				"menu_type":"2",
				"menu_url":"//#",
				"privilege_id":915,
				"role_id":349,
				"url_target":""
			},
			{
				"father_id":888,
				"icon_url":null,
				"is_third_platform":0,
				"menu_code":"801101104101101",
				"menu_level":5,
				"menu_name":"光伏潮流图",
				"menu_type":"2",
				"menu_url":"//#",
				"privilege_id":918,
				"role_id":349,
				"url_target":""
			},
			{
				"father_id":888,
				"icon_url":null,
				"is_third_platform":0,
				"menu_code":"801101104101102",
				"menu_level":5,
				"menu_name":"储能潮流图",
				"menu_type":"2",
				"menu_url":"//#",
				"privilege_id":919,
				"role_id":349,
				"url_target":""
			},
			{
				"father_id":881,
				"icon_url":null,
				"is_third_platform":0,
				"menu_code":"801102102",
				"menu_level":3,
				"menu_name":"查看故障",
				"menu_type":"2",
				"menu_url":"//#",
				"privilege_id":920,
				"role_id":349,
				"url_target":""
			},
			{
				"father_id":888,
				"icon_url":null,
				"is_third_platform":0,
				"menu_code":"801101104101103",
				"menu_level":5,
				"menu_name":"概览详情",
				"menu_type":"2",
				"menu_url":"//#",
				"privilege_id":921,
				"role_id":349,
				"url_target":""
			},
			{
				"father_id":880,
				"icon_url":null,
				"is_third_platform":0,
				"menu_code":"801101105",
				"menu_level":3,
				"menu_name":"经销/安装商代码管理",
				"menu_type":"3",
				"menu_url":"",
				"privilege_id":936,
				"role_id":349,
				"url_target":""
			},
			{
				"father_id":908,
				"icon_url":null,
				"is_third_platform":0,
				"menu_code":"801103105106",
				"menu_level":4,
				"menu_name":"推送设置",
				"menu_type":"3",
				"menu_url":"",
				"privilege_id":944,
				"role_id":349,
				"url_target":""
			},
			{
				"father_id":944,
				"icon_url":null,
				"is_third_platform":0,
				"menu_code":"801103105106101",
				"menu_level":5,
				"menu_name":"报表推送",
				"menu_type":"3",
				"menu_url":"",
				"privilege_id":945,
				"role_id":349,
				"url_target":""
			},
			{
				"father_id":880,
				"icon_url":null,
				"is_third_platform":0,
				"menu_code":"801101106",
				"menu_level":3,
				"menu_name":"新手建站（优先）",
				"menu_type":"2",
				"menu_url":"//#",
				"privilege_id":1000,
				"role_id":349,
				"url_target":""
			},
			{
				"father_id":908,
				"icon_url":null,
				"is_third_platform":0,
				"menu_code":"801103105110",
				"menu_level":4,
				"menu_name":"我的服务商",
				"menu_type":"2",
				"menu_url":"https://file.isolarcloud.com/app_page/html/isolarcloud/service/index.html",
				"privilege_id":1214,
				"role_id":349,
				"url_target":""
			},
			{
				"father_id":882,
				"icon_url":null,
				"is_third_platform":0,
				"menu_code":"801103107",
				"menu_level":3,
				"menu_name":"消息中心",
				"menu_type":"2",
				"menu_url":"//#",
				"privilege_id":1272,
				"role_id":349,
				"url_target":""
			},
			{
				"father_id":882,
				"icon_url":null,
				"is_third_platform":0,
				"menu_code":"801103109",
				"menu_level":3,
				"menu_name":"意见反馈",
				"menu_type":"2",
				"menu_url":"//#",
				"privilege_id":1274,
				"role_id":349,
				"url_target":""
			},
			{
				"father_id":890,
				"icon_url":null,
				"is_third_platform":0,
				"menu_code":"801101104103109",
				"menu_level":5,
				"menu_name":"合作方",
				"menu_type":"2",
				"menu_url":"//#",
				"privilege_id":1590,
				"role_id":349,
				"url_target":""
			},
			{
				"father_id":880,
				"icon_url":null,
				"is_third_platform":0,
				"menu_code":"801101107",
				"menu_level":3,
				"menu_name":"电站创建3.0",
				"menu_type":"2",
				"menu_url":"//#",
				"privilege_id":1591,
				"role_id":349,
				"url_target":""
			},
			{
				"father_id":888,
				"icon_url":null,
				"is_third_platform":0,
				"menu_code":"801101104101104",
				"menu_level":5,
				"menu_name":"地址",
				"menu_type":"3",
				"menu_url":"",
				"privilege_id":1709,
				"role_id":349,
				"url_target":""
			},
			{
				"father_id":882,
				"icon_url":null,
				"is_third_platform":0,
				"menu_code":"801103110",
				"menu_level":3,
				"menu_name":"秒级数据",
				"menu_type":"3",
				"menu_url":"",
				"privilege_id":1734,
				"role_id":349,
				"url_target":""
			},
			{
				"father_id":880,
				"icon_url":null,
				"is_third_platform":0,
				"menu_code":"801101108",
				"menu_level":3,
				"menu_name":"电站创建4.0",
				"menu_type":"2",
				"menu_url":"",
				"privilege_id":2404,
				"role_id":349,
				"url_target":""
			},
			{
				"father_id":1223,
				"icon_url":null,
				"is_open":null,
				"is_third_platform":1,
				"menu_code":"920100107102",
				"menu_level":4,
				"menu_name":"新增",
				"menu_order":null,
				"menu_type":"3",
				"menu_url":"",
				"privilege_id":1225,
				"role_id":349,
				"url_target":"",
				"vue_icon":null,
				"vue_path":null
			},
			{
				"father_id":1223,
				"icon_url":null,
				"is_open":null,
				"is_third_platform":1,
				"menu_code":"920100107103",
				"menu_level":4,
				"menu_name":"编辑",
				"menu_order":null,
				"menu_type":"3",
				"menu_url":"",
				"privilege_id":1226,
				"role_id":349,
				"url_target":"",
				"vue_icon":null,
				"vue_path":null
			},
			{
				"father_id":1223,
				"icon_url":null,
				"is_open":null,
				"is_third_platform":1,
				"menu_code":"920100107106",
				"menu_level":4,
				"menu_name":"导出",
				"menu_order":null,
				"menu_type":"3",
				"menu_url":"",
				"privilege_id":1229,
				"role_id":349,
				"url_target":"",
				"vue_icon":null,
				"vue_path":null
			},
			{
				"father_id":1223,
				"icon_url":null,
				"is_open":null,
				"is_third_platform":1,
				"menu_code":"920100107107",
				"menu_level":4,
				"menu_name":"审核",
				"menu_order":null,
				"menu_type":"3",
				"menu_url":"",
				"privilege_id":1230,
				"role_id":349,
				"url_target":"",
				"vue_icon":null,
				"vue_path":null
			},
			{
				"father_id":1219,
				"icon_url":null,
				"is_open":null,
				"is_third_platform":1,
				"menu_code":"920113102102",
				"menu_level":4,
				"menu_name":"新增",
				"menu_order":null,
				"menu_type":"3",
				"menu_url":"",
				"privilege_id":1232,
				"role_id":349,
				"url_target":"",
				"vue_icon":null,
				"vue_path":null
			},
			{
				"father_id":2239,
				"icon_url":null,
				"is_open":null,
				"is_third_platform":1,
				"menu_code":"920114102114",
				"menu_level":4,
				"menu_name":"修改设备类型",
				"menu_order":null,
				"menu_type":"3",
				"menu_url":"",
				"privilege_id":2369,
				"role_id":349,
				"url_target":"mainIframe",
				"vue_icon":null,
				"vue_path":null
			}
		],
		"role_id":"349",
		"secondaryOrgIds":[],
		"server_tel":"400-119-7799",
		"service_version":"1.4.4",
		"sex":"null",
		"stylename":"style_blue",
		"timeZone":"GMT+10",
		"timezone":"GMT+10",
		"timezoneid":"91",
		"toggleflag":"0",
		"token":"TOKEN_KEY",
		"unlock_lave_minute":0,
		"upload_time":null,
		"user_account":"mickmake",
		"user_account_modify_count":1,
		"user_account_modify_remain_times":0,
		"user_dealer_org_code":null,
		"user_id":"276937",
		"user_level":"3",
		"user_master_org_id":"362245",
		"user_master_org_name":"org-hdzmafrr",
		"user_master_org_time_zone_id":"92",
		"user_master_org_time_zone_name":"GMT+11",
		"user_name":"MickMake",
		"user_role_id_list":[
			"349"
		],
		"user_tel_nation_code":null,
		"userauthorURL":[],
		"userauthorbutto":[
			"920100107103",
			"801102102",
			"920100107102",
			"920100107107",
			"801103110",
			"920100107106",
			"801101102",
			"801101103",
			"801101101",
			"801101106",
			"801101107",
			"801101104",
			"801101105",
			"920114102114",
			"801101104103",
			"801101104103102",
			"801101104103101",
			"801101104103104",
			"801",
			"801101104102",
			"801101104101",
			"801103105101",
			"801101104103107",
			"801103105106",
			"801104101",
			"801101104103109",
			"801104102",
			"801103105104",
			"801103105105",
			"801103105102",
			"801103105103",
			"801102",
			"801103",
			"801103105106101",
			"801101104102101",
			"801101",
			"801101104102103",
			"801101104102105",
			"801104",
			"801101104102104",
			"801101108",
			"801103105",
			"801103104",
			"801103105110",
			"801103102",
			"801103109",
			"801103107",
			"801103101",
			"801101104101101",
			"801101104101102",
			"801101104101103",
			"801101104101104",
			"920113102102"
		],
		"userdesc":null,
		"userpassword":"PASSWORD",
		"validflag":"1",
		"voice":"2",
		"welcometext":"",
		"wgs84_latitude":null,
		"wgs84_longitude":null,
		"work_tel":null
	},
	"result_msg":"success"
}
