{
  "user_id": "276937",
  "valid_flag": "1,3",
  "lang": "_en_US",
  "token": "TOKEN_KEY",
  "appkey": "93D72E60331ABDCDC7B39ADC2D1F32B3",
  "sys_code": "200",
  "template_id": "7981",
  "view_select_date": "2022-02-08 00:00~2022-02-08 23:59",
  "start_time_stamp": null,
  "start_time": "20220208000000",
  "begin_time": "20220208000000",
  "startTime": "20220208000000",
  "end_time_stamp": null,
  "end_time": "20220208235959",
  "endTime": "20220208235959",
  "endtime": "20220208235959",
  "start_date": "2022-02-08 00:00",
  "startDate": "2022-02-08 00:00",
  "startdate": "2022-02-08 00:00",
  "end_date": "2022-02-08 23:59",
  "endDate": "2022-02-08 23:59",
  "enddate": "2022-02-08 23:59",
  "date_type": "2"
}
