[
	{
		"point_cal_type": 1,
		"point_id": 1005,
		"point_name": "Total DC Current"
	},
	{
		"point_cal_type": 1,
		"point_id": 1001,
		"point_name": "DC Bus Voltage"
	},
	{
		"point_cal_type": 1,
		"point_id": 1006,
		"point_name": "Total DC Power"
	},
	{
		"point_cal_type": 1,
		"point_id": 1002,
		"point_name": "Interior Temperature"
	},
	{
		"point_cal_type": 1,
		"point_id": 1009,
		"point_name": "Ipv-1"
	},
	{
		"point_cal_type": 1,
		"point_id": 1010,
		"point_name": "Ipv-2"
	},
	{
		"point_cal_type": 1,
		"point_id": 1011,
		"point_name": "Ipv-3"
	},
	{
		"point_cal_type": 1,
		"point_id": 1012,
		"point_name": "Ipv-4"
	},
	{
		"point_cal_type": 1,
		"point_id": 1013,
		"point_name": "Ipv-5"
	},
	{
		"point_cal_type": 1,
		"point_id": 1014,
		"point_name": "Ipv-6"
	},
	{
		"point_cal_type": 1,
		"point_id": 1015,
		"point_name": "Ipv-7"
	},
	{
		"point_cal_type": 1,
		"point_id": 1016,
		"point_name": "Ipv-8"
	},
	{
		"point_cal_type": 1,
		"point_id": 1017,
		"point_name": "Ipv-9"
	},
	{
		"point_cal_type": 1,
		"point_id": 1018,
		"point_name": "Ipv-10"
	},
	{
		"point_cal_type": 1,
		"point_id": 1019,
		"point_name": "Ipv-11"
	},
	{
		"point_cal_type": 1,
		"point_id": 1020,
		"point_name": "Ipv-12"
	},
	{
		"point_cal_type": 1,
		"point_id": 1021,
		"point_name": "Ipv-13"
	},
	{
		"point_cal_type": 1,
		"point_id": 1022,
		"point_name": "Ipv-14"
	},
	{
		"point_cal_type": 1,
		"point_id": 1023,
		"point_name": "Ipv-15"
	},
	{
		"point_cal_type": 1,
		"point_id": 1024,
		"point_name": "Ipv-16"
	},
	{
		"point_cal_type": 1,
		"point_id": 1025,
		"point_name": "Ipv-17"
	},
	{
		"point_cal_type": 1,
		"point_id": 1026,
		"point_name": "Ipv-18"
	},
	{
		"point_cal_type": 1,
		"point_id": 1027,
		"point_name": "Ipv-19"
	},
	{
		"point_cal_type": 1,
		"point_id": 1028,
		"point_name": "Ipv-20"
	},
	{
		"point_cal_type": 1,
		"point_id": 1029,
		"point_name": "Ipv-21"
	},
	{
		"point_cal_type": 1,
		"point_id": 1030,
		"point_name": "Ipv-22"
	},
	{
		"point_cal_type": 1,
		"point_id": 1031,
		"point_name": "Ipv-23"
	},
	{
		"point_cal_type": 1,
		"point_id": 1032,
		"point_name": "Ipv-24"
	},
	{
		"point_cal_type": 1,
		"point_id": 1033,
		"point_name": "Ipv-25"
	},
	{
		"point_cal_type": 1,
		"point_id": 1034,
		"point_name": "Ipv-26"
	},
	{
		"point_cal_type": 1,
		"point_id": 1035,
		"point_name": "Ipv-27"
	},
	{
		"point_cal_type": 1,
		"point_id": 1036,
		"point_name": "Ipv-28"
	},
	{
		"point_cal_type": 1,
		"point_id": 1037,
		"point_name": "Ipv-29"
	},
	{
		"point_cal_type": 1,
		"point_id": 1038,
		"point_name": "Ipv-30"
	},
	{
		"point_cal_type": 1,
		"point_id": 1039,
		"point_name": "Ipv-31"
	},
	{
		"point_cal_type": 1,
		"point_id": 1040,
		"point_name": "Ipv-32"
	}
]
